label,groups,query,bench_time,result_set,exec_time
jsonb_compare_1a.sql,['json'],"WITH answers AS ( SELECT row_to_json(posts) answer FROM posts WHERE posttypeid = 2 ) SELECT p1.id, json_agg(a.answer) FROM posts p1 JOIN answers a ON p1.id = (a.answer->>'parentid')::int WHERE (a.answer->>'score')::int >= p1.score GROUP BY p1.id",2025-02-13 09:17:21.740148,"[[[{""Plan"": {""Node Type"": ""Aggregate"", ""Strategy"": ""Sorted"", ""Partial Mode"": ""Simple"", ""Parallel Aware"": false, ""Async Capable"": false, ""Startup Cost"": 62303.82, ""Total Cost"": 64475.14, ""Plan Rows"": 15911, ""Plan Width"": 36, ""Actual Startup Time"": 1685.406, ""Actual Total Time"": 2233.8, ""Actual Rows"": 19740, ""Actual Loops"": 1, ""Group Key"": [""p1.id""], ""Plans"": [{""Node Type"": ""Gather Merge"", ""Parent Relationship"": ""Outer"", ""Parallel Aware"": false, ""Async Capable"": false, ""Startup Cost"": 62303.82, ""Total Cost"": 64156.92, ""Plan Rows"": 15911, ""Plan Width"": 889, ""Actual Startup Time"": 1685.322, ""Actual Total Time"": 1733.651, ""Actual Rows"": 23777, ""Actual Loops"": 1, ""Workers Planned"": 2, ""Workers Launched"": 2, ""Plans"": [{""Node Type"": ""Sort"", ""Parent Relationship"": ""Outer"", ""Parallel Aware"": false, ""Async Capable"": false, ""Startup Cost"": 61303.79, ""Total Cost"": 61320.37, ""Plan Rows"": 6630, ""Plan Width"": 889, ""Actual Startup Time"": 1677.126, ""Actual Total Time"": 1688.978, ""Actual Rows"": 7926, ""Actual Loops"": 3, ""Sort Key"": [""p1.id""], ""Sort Method"": ""external merge"", ""Sort Space Used"": 13144, ""Sort Space Type"": ""Disk"", ""Workers"": [{""Worker Number"": 0, ""Sort Method"": ""external merge"", ""Sort Space Used"": 12920, ""Sort Space Type"": ""Disk""}, {""Worker Number"": 1, ""Sort Method"": ""external merge"", ""Sort Space Used"": 12912, ""Sort Space Type"": ""Disk""}], ""Plans"": [{""Node Type"": ""Hash Join"", ""Parent Relationship"": ""Outer"", ""Parallel Aware"": true, ""Async Capable"": false, ""Join Type"": ""Inner"", ""Startup Cost"": 29298.27, ""Total Cost"": 58275.46, ""Plan Rows"": 6630, ""Plan Width"": 889, ""Actual Startup Time"": 77.824, ""Actual Total Time"": 1615.256, ""Actual Rows"": 7926, ""Actual Loops"": 3, ""Inner Unique"": true, ""Hash Cond"": ""(((row_to_json(posts.*) ->> 'parentid'::text))::integer = p1.id)"", ""Join Filter"": ""(((row_to_json(posts.*) ->> 'score'::text))::integer >= p1.score)"", ""Rows Removed by Join Filter"": 7993, ""Workers"": [], ""Plans"": [{""Node Type"": ""Seq Scan"", ""Parent Relationship"": ""Outer"", ""Parallel Aware"": true, ""Async Capable"": false, ""Relation Name"": ""posts"", ""Alias"": ""posts"", ""Startup Cost"": 0.0, ""Total Cost"": 28915.04, ""Plan Rows"": 19888, ""Plan Width"": 885, ""Actual Startup Time"": 0.824, ""Actual Total Time"": 158.889, ""Actual Rows"": 15918, ""Actual Loops"": 3, ""Filter"": ""(posttypeid = 2)"", ""Rows Removed by Filter"": 14740, ""Workers"": []}, {""Node Type"": ""Hash"", ""Parent Relationship"": ""Inner"", ""Parallel Aware"": true, ""Async Capable"": false, ""Startup Cost"": 28819.23, ""Total Cost"": 28819.23, ""Plan Rows"": 38323, ""Plan Width"": 8, ""Actual Startup Time"": 75.471, ""Actual Total Time"": 75.473, ""Actual Rows"": 30659, ""Actual Loops"": 3, ""Hash Buckets"": 131072, ""Original Hash Buckets"": 131072, ""Hash Batches"": 1, ""Original Hash Batches"": 1, ""Peak Memory Usage"": 4672, ""Workers"": [], ""Plans"": [{""Node Type"": ""Seq Scan"", ""Parent Relationship"": ""Outer"", ""Parallel Aware"": true, ""Async Capable"": false, ""Relation Name"": ""posts"", ""Alias"": ""p1"", ""Startup Cost"": 0.0, ""Total Cost"": 28819.23, ""Plan Rows"": 38323, ""Plan Width"": 8, ""Actual Startup Time"": 0.115, ""Actual Total Time"": 57.808, ""Actual Rows"": 30659, ""Actual Loops"": 3, ""Workers"": []}]}]}]}]}]}, ""Settings"": {}, ""Planning Time"": 0.353, ""Triggers"": [], ""Execution Time"": 2240.911}]]]",2247890592
jsonb_compare_1a.sql,['json'],"WITH answers AS ( SELECT row_to_json(posts) answer FROM posts WHERE posttypeid = 2 ) SELECT p1.id, json_agg(a.answer) FROM posts p1 JOIN answers a ON p1.id = (a.answer->>'parentid')::int WHERE (a.answer->>'score')::int >= p1.score GROUP BY p1.id",2025-02-13 09:17:23.988202,"[[[{""Plan"": {""Node Type"": ""Aggregate"", ""Strategy"": ""Sorted"", ""Partial Mode"": ""Simple"", ""Parallel Aware"": false, ""Async Capable"": false, ""Startup Cost"": 62303.82, ""Total Cost"": 64475.14, ""Plan Rows"": 15911, ""Plan Width"": 36, ""Actual Startup Time"": 1777.892, ""Actual Total Time"": 2340.192, ""Actual Rows"": 19740, ""Actual Loops"": 1, ""Group Key"": [""p1.id""], ""Plans"": [{""Node Type"": ""Gather Merge"", ""Parent Relationship"": ""Outer"", ""Parallel Aware"": false, ""Async Capable"": false, ""Startup Cost"": 62303.82, ""Total Cost"": 64156.92, ""Plan Rows"": 15911, ""Plan Width"": 889, ""Actual Startup Time"": 1777.812, ""Actual Total Time"": 1828.456, ""Actual Rows"": 23777, ""Actual Loops"": 1, ""Workers Planned"": 2, ""Workers Launched"": 2, ""Plans"": [{""Node Type"": ""Sort"", ""Parent Relationship"": ""Outer"", ""Parallel Aware"": false, ""Async Capable"": false, ""Startup Cost"": 61303.79, ""Total Cost"": 61320.37, ""Plan Rows"": 6630, ""Plan Width"": 889, ""Actual Startup Time"": 1767.53, ""Actual Total Time"": 1779.546, ""Actual Rows"": 7926, ""Actual Loops"": 3, ""Sort Key"": [""p1.id""], ""Sort Method"": ""external merge"", ""Sort Space Used"": 13864, ""Sort Space Type"": ""Disk"", ""Workers"": [{""Worker Number"": 0, ""Sort Method"": ""external merge"", ""Sort Space Used"": 12912, ""Sort Space Type"": ""Disk""}, {""Worker Number"": 1, ""Sort Method"": ""external merge"", ""Sort Space Used"": 12208, ""Sort Space Type"": ""Disk""}], ""Plans"": [{""Node Type"": ""Hash Join"", ""Parent Relationship"": ""Outer"", ""Parallel Aware"": true, ""Async Capable"": false, ""Join Type"": ""Inner"", ""Startup Cost"": 29298.27, ""Total Cost"": 58275.46, ""Plan Rows"": 6630, ""Plan Width"": 889, ""Actual Startup Time"": 76.853, ""Actual Total Time"": 1702.76, ""Actual Rows"": 7926, ""Actual Loops"": 3, ""Inner Unique"": true, ""Hash Cond"": ""(((row_to_json(posts.*) ->> 'parentid'::text))::integer = p1.id)"", ""Join Filter"": ""(((row_to_json(posts.*) ->> 'score'::text))::integer >= p1.score)"", ""Rows Removed by Join Filter"": 7993, ""Workers"": [], ""Plans"": [{""Node Type"": ""Seq Scan"", ""Parent Relationship"": ""Outer"", ""Parallel Aware"": true, ""Async Capable"": false, ""Relation Name"": ""posts"", ""Alias"": ""posts"", ""Startup Cost"": 0.0, ""Total Cost"": 28915.04, ""Plan Rows"": 19888, ""Plan Width"": 885, ""Actual Startup Time"": 0.523, ""Actual Total Time"": 167.951, ""Actual Rows"": 15918, ""Actual Loops"": 3, ""Filter"": ""(posttypeid = 2)"", ""Rows Removed by Filter"": 14740, ""Workers"": []}, {""Node Type"": ""Hash"", ""Parent Relationship"": ""Inner"", ""Parallel Aware"": true, ""Async Capable"": false, ""Startup Cost"": 28819.23, ""Total Cost"": 28819.23, ""Plan Rows"": 38323, ""Plan Width"": 8, ""Actual Startup Time"": 74.488, ""Actual Total Time"": 74.489, ""Actual Rows"": 30659, ""Actual Loops"": 3, ""Hash Buckets"": 131072, ""Original Hash Buckets"": 131072, ""Hash Batches"": 1, ""Original Hash Batches"": 1, ""Peak Memory Usage"": 4672, ""Workers"": [], ""Plans"": [{""Node Type"": ""Seq Scan"", ""Parent Relationship"": ""Outer"", ""Parallel Aware"": true, ""Async Capable"": false, ""Relation Name"": ""posts"", ""Alias"": ""p1"", ""Startup Cost"": 0.0, ""Total Cost"": 28819.23, ""Plan Rows"": 38323, ""Plan Width"": 8, ""Actual Startup Time"": 0.053, ""Actual Total Time"": 56.66, ""Actual Rows"": 30659, ""Actual Loops"": 3, ""Workers"": []}]}]}]}]}]}, ""Settings"": {}, ""Planning Time"": 0.376, ""Triggers"": [], ""Execution Time"": 2346.913}]]]",2348634712
jsonb_compare_1a.sql,['json'],"WITH answers AS ( SELECT row_to_json(posts) answer FROM posts WHERE posttypeid = 2 ) SELECT p1.id, json_agg(a.answer) FROM posts p1 JOIN answers a ON p1.id = (a.answer->>'parentid')::int WHERE (a.answer->>'score')::int >= p1.score GROUP BY p1.id",2025-02-13 09:17:26.336996,"[[[{""Plan"": {""Node Type"": ""Aggregate"", ""Strategy"": ""Sorted"", ""Partial Mode"": ""Simple"", ""Parallel Aware"": false, ""Async Capable"": false, ""Startup Cost"": 62303.82, ""Total Cost"": 64475.14, ""Plan Rows"": 15911, ""Plan Width"": 36, ""Actual Startup Time"": 1906.668, ""Actual Total Time"": 2441.608, ""Actual Rows"": 19740, ""Actual Loops"": 1, ""Group Key"": [""p1.id""], ""Plans"": [{""Node Type"": ""Gather Merge"", ""Parent Relationship"": ""Outer"", ""Parallel Aware"": false, ""Async Capable"": false, ""Startup Cost"": 62303.82, ""Total Cost"": 64156.92, ""Plan Rows"": 15911, ""Plan Width"": 889, ""Actual Startup Time"": 1906.597, ""Actual Total Time"": 1952.433, ""Actual Rows"": 23777, ""Actual Loops"": 1, ""Workers Planned"": 2, ""Workers Launched"": 2, ""Plans"": [{""Node Type"": ""Sort"", ""Parent Relationship"": ""Outer"", ""Parallel Aware"": false, ""Async Capable"": false, ""Startup Cost"": 61303.79, ""Total Cost"": 61320.37, ""Plan Rows"": 6630, ""Plan Width"": 889, ""Actual Startup Time"": 1897.924, ""Actual Total Time"": 1909.376, ""Actual Rows"": 7926, ""Actual Loops"": 3, ""Sort Key"": [""p1.id""], ""Sort Method"": ""external merge"", ""Sort Space Used"": 12584, ""Sort Space Type"": ""Disk"", ""Workers"": [{""Worker Number"": 0, ""Sort Method"": ""external merge"", ""Sort Space Used"": 12384, ""Sort Space Type"": ""Disk""}, {""Worker Number"": 1, ""Sort Method"": ""external merge"", ""Sort Space Used"": 14024, ""Sort Space Type"": ""Disk""}], ""Plans"": [{""Node Type"": ""Hash Join"", ""Parent Relationship"": ""Outer"", ""Parallel Aware"": true, ""Async Capable"": false, ""Join Type"": ""Inner"", ""Startup Cost"": 29298.27, ""Total Cost"": 58275.46, ""Plan Rows"": 6630, ""Plan Width"": 889, ""Actual Startup Time"": 82.67, ""Actual Total Time"": 1828.653, ""Actual Rows"": 7926, ""Actual Loops"": 3, ""Inner Unique"": true, ""Hash Cond"": ""(((row_to_json(posts.*) ->> 'parentid'::text))::integer = p1.id)"", ""Join Filter"": ""(((row_to_json(posts.*) ->> 'score'::text))::integer >= p1.score)"", ""Rows Removed by Join Filter"": 7993, ""Workers"": [], ""Plans"": [{""Node Type"": ""Seq Scan"", ""Parent Relationship"": ""Outer"", ""Parallel Aware"": true, ""Async Capable"": false, ""Relation Name"": ""posts"", ""Alias"": ""posts"", ""Startup Cost"": 0.0, ""Total Cost"": 28915.04, ""Plan Rows"": 19888, ""Plan Width"": 885, ""Actual Startup Time"": 0.07, ""Actual Total Time"": 184.564, ""Actual Rows"": 15918, ""Actual Loops"": 3, ""Filter"": ""(posttypeid = 2)"", ""Rows Removed by Filter"": 14740, ""Workers"": []}, {""Node Type"": ""Hash"", ""Parent Relationship"": ""Inner"", ""Parallel Aware"": true, ""Async Capable"": false, ""Startup Cost"": 28819.23, ""Total Cost"": 28819.23, ""Plan Rows"": 38323, ""Plan Width"": 8, ""Actual Startup Time"": 81.186, ""Actual Total Time"": 81.187, ""Actual Rows"": 30659, ""Actual Loops"": 3, ""Hash Buckets"": 131072, ""Original Hash Buckets"": 131072, ""Hash Batches"": 1, ""Original Hash Batches"": 1, ""Peak Memory Usage"": 4672, ""Workers"": [], ""Plans"": [{""Node Type"": ""Seq Scan"", ""Parent Relationship"": ""Outer"", ""Parallel Aware"": true, ""Async Capable"": false, ""Relation Name"": ""posts"", ""Alias"": ""p1"", ""Startup Cost"": 0.0, ""Total Cost"": 28819.23, ""Plan Rows"": 38323, ""Plan Width"": 8, ""Actual Startup Time"": 0.078, ""Actual Total Time"": 61.441, ""Actual Rows"": 30659, ""Actual Loops"": 3, ""Workers"": []}]}]}]}]}]}, ""Settings"": {}, ""Planning Time"": 0.338, ""Triggers"": [], ""Execution Time"": 2448.055}]]]",2449673603
jsonb_compare_1a.sql,['json'],"WITH answers AS ( SELECT row_to_json(posts) answer FROM posts WHERE posttypeid = 2 ) SELECT p1.id, json_agg(a.answer) FROM posts p1 JOIN answers a ON p1.id = (a.answer->>'parentid')::int WHERE (a.answer->>'score')::int >= p1.score GROUP BY p1.id",2025-02-13 09:17:28.786829,"[[[{""Plan"": {""Node Type"": ""Aggregate"", ""Strategy"": ""Sorted"", ""Partial Mode"": ""Simple"", ""Parallel Aware"": false, ""Async Capable"": false, ""Startup Cost"": 62303.82, ""Total Cost"": 64475.14, ""Plan Rows"": 15911, ""Plan Width"": 36, ""Actual Startup Time"": 1776.733, ""Actual Total Time"": 2379.835, ""Actual Rows"": 19740, ""Actual Loops"": 1, ""Group Key"": [""p1.id""], ""Plans"": [{""Node Type"": ""Gather Merge"", ""Parent Relationship"": ""Outer"", ""Parallel Aware"": false, ""Async Capable"": false, ""Startup Cost"": 62303.82, ""Total Cost"": 64156.92, ""Plan Rows"": 15911, ""Plan Width"": 889, ""Actual Startup Time"": 1776.655, ""Actual Total Time"": 1834.299, ""Actual Rows"": 23777, ""Actual Loops"": 1, ""Workers Planned"": 2, ""Workers Launched"": 2, ""Plans"": [{""Node Type"": ""Sort"", ""Parent Relationship"": ""Outer"", ""Parallel Aware"": false, ""Async Capable"": false, ""Startup Cost"": 61303.79, ""Total Cost"": 61320.37, ""Plan Rows"": 6630, ""Plan Width"": 889, ""Actual Startup Time"": 1767.777, ""Actual Total Time"": 1781.07, ""Actual Rows"": 7926, ""Actual Loops"": 3, ""Sort Key"": [""p1.id""], ""Sort Method"": ""external merge"", ""Sort Space Used"": 13640, ""Sort Space Type"": ""Disk"", ""Workers"": [{""Worker Number"": 0, ""Sort Method"": ""external merge"", ""Sort Space Used"": 12720, ""Sort Space Type"": ""Disk""}, {""Worker Number"": 1, ""Sort Method"": ""external merge"", ""Sort Space Used"": 12616, ""Sort Space Type"": ""Disk""}], ""Plans"": [{""Node Type"": ""Hash Join"", ""Parent Relationship"": ""Outer"", ""Parallel Aware"": true, ""Async Capable"": false, ""Join Type"": ""Inner"", ""Startup Cost"": 29298.27, ""Total Cost"": 58275.46, ""Plan Rows"": 6630, ""Plan Width"": 889, ""Actual Startup Time"": 77.719, ""Actual Total Time"": 1707.863, ""Actual Rows"": 7926, ""Actual Loops"": 3, ""Inner Unique"": true, ""Hash Cond"": ""(((row_to_json(posts.*) ->> 'parentid'::text))::integer = p1.id)"", ""Join Filter"": ""(((row_to_json(posts.*) ->> 'score'::text))::integer >= p1.score)"", ""Rows Removed by Join Filter"": 7993, ""Workers"": [], ""Plans"": [{""Node Type"": ""Seq Scan"", ""Parent Relationship"": ""Outer"", ""Parallel Aware"": true, ""Async Capable"": false, ""Relation Name"": ""posts"", ""Alias"": ""posts"", ""Startup Cost"": 0.0, ""Total Cost"": 28915.04, ""Plan Rows"": 19888, ""Plan Width"": 885, ""Actual Startup Time"": 0.332, ""Actual Total Time"": 165.388, ""Actual Rows"": 15918, ""Actual Loops"": 3, ""Filter"": ""(posttypeid = 2)"", ""Rows Removed by Filter"": 14740, ""Workers"": []}, {""Node Type"": ""Hash"", ""Parent Relationship"": ""Inner"", ""Parallel Aware"": true, ""Async Capable"": false, ""Startup Cost"": 28819.23, ""Total Cost"": 28819.23, ""Plan Rows"": 38323, ""Plan Width"": 8, ""Actual Startup Time"": 75.928, ""Actual Total Time"": 75.929, ""Actual Rows"": 30659, ""Actual Loops"": 3, ""Hash Buckets"": 131072, ""Original Hash Buckets"": 131072, ""Hash Batches"": 1, ""Original Hash Batches"": 1, ""Peak Memory Usage"": 4672, ""Workers"": [], ""Plans"": [{""Node Type"": ""Seq Scan"", ""Parent Relationship"": ""Outer"", ""Parallel Aware"": true, ""Async Capable"": false, ""Relation Name"": ""posts"", ""Alias"": ""p1"", ""Startup Cost"": 0.0, ""Total Cost"": 28819.23, ""Plan Rows"": 38323, ""Plan Width"": 8, ""Actual Startup Time"": 0.058, ""Actual Total Time"": 56.486, ""Actual Rows"": 30659, ""Actual Loops"": 3, ""Workers"": []}]}]}]}]}]}, ""Settings"": {}, ""Planning Time"": 0.332, ""Triggers"": [], ""Execution Time"": 2387.139}]]]",2388815412
jsonb_compare_1a.sql,['json'],"WITH answers AS ( SELECT row_to_json(posts) answer FROM posts WHERE posttypeid = 2 ) SELECT p1.id, json_agg(a.answer) FROM posts p1 JOIN answers a ON p1.id = (a.answer->>'parentid')::int WHERE (a.answer->>'score')::int >= p1.score GROUP BY p1.id",2025-02-13 09:17:31.175814,"[[[{""Plan"": {""Node Type"": ""Aggregate"", ""Strategy"": ""Sorted"", ""Partial Mode"": ""Simple"", ""Parallel Aware"": false, ""Async Capable"": false, ""Startup Cost"": 62303.82, ""Total Cost"": 64475.14, ""Plan Rows"": 15911, ""Plan Width"": 36, ""Actual Startup Time"": 1691.807, ""Actual Total Time"": 2219.56, ""Actual Rows"": 19740, ""Actual Loops"": 1, ""Group Key"": [""p1.id""], ""Plans"": [{""Node Type"": ""Gather Merge"", ""Parent Relationship"": ""Outer"", ""Parallel Aware"": false, ""Async Capable"": false, ""Startup Cost"": 62303.82, ""Total Cost"": 64156.92, ""Plan Rows"": 15911, ""Plan Width"": 889, ""Actual Startup Time"": 1691.683, ""Actual Total Time"": 1738.198, ""Actual Rows"": 23777, ""Actual Loops"": 1, ""Workers Planned"": 2, ""Workers Launched"": 2, ""Plans"": [{""Node Type"": ""Sort"", ""Parent Relationship"": ""Outer"", ""Parallel Aware"": false, ""Async Capable"": false, ""Startup Cost"": 61303.79, ""Total Cost"": 61320.37, ""Plan Rows"": 6630, ""Plan Width"": 889, ""Actual Startup Time"": 1682.524, ""Actual Total Time"": 1693.826, ""Actual Rows"": 7926, ""Actual Loops"": 3, ""Sort Key"": [""p1.id""], ""Sort Method"": ""external merge"", ""Sort Space Used"": 13000, ""Sort Space Type"": ""Disk"", ""Workers"": [{""Worker Number"": 0, ""Sort Method"": ""external merge"", ""Sort Space Used"": 13216, ""Sort Space Type"": ""Disk""}, {""Worker Number"": 1, ""Sort Method"": ""external merge"", ""Sort Space Used"": 12776, ""Sort Space Type"": ""Disk""}], ""Plans"": [{""Node Type"": ""Hash Join"", ""Parent Relationship"": ""Outer"", ""Parallel Aware"": true, ""Async Capable"": false, ""Join Type"": ""Inner"", ""Startup Cost"": 29298.27, ""Total Cost"": 58275.46, ""Plan Rows"": 6630, ""Plan Width"": 889, ""Actual Startup Time"": 76.94, ""Actual Total Time"": 1623.469, ""Actual Rows"": 7926, ""Actual Loops"": 3, ""Inner Unique"": true, ""Hash Cond"": ""(((row_to_json(posts.*) ->> 'parentid'::text))::integer = p1.id)"", ""Join Filter"": ""(((row_to_json(posts.*) ->> 'score'::text))::integer >= p1.score)"", ""Rows Removed by Join Filter"": 7993, ""Workers"": [], ""Plans"": [{""Node Type"": ""Seq Scan"", ""Parent Relationship"": ""Outer"", ""Parallel Aware"": true, ""Async Capable"": false, ""Relation Name"": ""posts"", ""Alias"": ""posts"", ""Startup Cost"": 0.0, ""Total Cost"": 28915.04, ""Plan Rows"": 19888, ""Plan Width"": 885, ""Actual Startup Time"": 0.073, ""Actual Total Time"": 162.068, ""Actual Rows"": 15918, ""Actual Loops"": 3, ""Filter"": ""(posttypeid = 2)"", ""Rows Removed by Filter"": 14740, ""Workers"": []}, {""Node Type"": ""Hash"", ""Parent Relationship"": ""Inner"", ""Parallel Aware"": true, ""Async Capable"": false, ""Startup Cost"": 28819.23, ""Total Cost"": 28819.23, ""Plan Rows"": 38323, ""Plan Width"": 8, ""Actual Startup Time"": 75.263, ""Actual Total Time"": 75.265, ""Actual Rows"": 30659, ""Actual Loops"": 3, ""Hash Buckets"": 131072, ""Original Hash Buckets"": 131072, ""Hash Batches"": 1, ""Original Hash Batches"": 1, ""Peak Memory Usage"": 4704, ""Workers"": [], ""Plans"": [{""Node Type"": ""Seq Scan"", ""Parent Relationship"": ""Outer"", ""Parallel Aware"": true, ""Async Capable"": false, ""Relation Name"": ""posts"", ""Alias"": ""p1"", ""Startup Cost"": 0.0, ""Total Cost"": 28819.23, ""Plan Rows"": 38323, ""Plan Width"": 8, ""Actual Startup Time"": 0.084, ""Actual Total Time"": 57.275, ""Actual Rows"": 30659, ""Actual Loops"": 3, ""Workers"": []}]}]}]}]}]}, ""Settings"": {}, ""Planning Time"": 0.396, ""Triggers"": [], ""Execution Time"": 2225.967}]]]",2227797816
jsonb_compare_1a.sql,['json'],"WITH answers AS ( SELECT row_to_json(posts) answer FROM posts WHERE posttypeid = 2 ) SELECT p1.id, json_agg(a.answer) FROM posts p1 JOIN answers a ON p1.id = (a.answer->>'parentid')::int WHERE (a.answer->>'score')::int >= p1.score GROUP BY p1.id",2025-02-13 09:17:33.403773,"[[[{""Plan"": {""Node Type"": ""Aggregate"", ""Strategy"": ""Sorted"", ""Partial Mode"": ""Simple"", ""Parallel Aware"": false, ""Async Capable"": false, ""Startup Cost"": 62303.82, ""Total Cost"": 64475.14, ""Plan Rows"": 15911, ""Plan Width"": 36, ""Actual Startup Time"": 1670.327, ""Actual Total Time"": 2200.36, ""Actual Rows"": 19740, ""Actual Loops"": 1, ""Group Key"": [""p1.id""], ""Plans"": [{""Node Type"": ""Gather Merge"", ""Parent Relationship"": ""Outer"", ""Parallel Aware"": false, ""Async Capable"": false, ""Startup Cost"": 62303.82, ""Total Cost"": 64156.92, ""Plan Rows"": 15911, ""Plan Width"": 889, ""Actual Startup Time"": 1670.249, ""Actual Total Time"": 1717.061, ""Actual Rows"": 23777, ""Actual Loops"": 1, ""Workers Planned"": 2, ""Workers Launched"": 2, ""Plans"": [{""Node Type"": ""Sort"", ""Parent Relationship"": ""Outer"", ""Parallel Aware"": false, ""Async Capable"": false, ""Startup Cost"": 61303.79, ""Total Cost"": 61320.37, ""Plan Rows"": 6630, ""Plan Width"": 889, ""Actual Startup Time"": 1656.972, ""Actual Total Time"": 1668.269, ""Actual Rows"": 7926, ""Actual Loops"": 3, ""Sort Key"": [""p1.id""], ""Sort Method"": ""external merge"", ""Sort Space Used"": 12728, ""Sort Space Type"": ""Disk"", ""Workers"": [{""Worker Number"": 0, ""Sort Method"": ""external merge"", ""Sort Space Used"": 13208, ""Sort Space Type"": ""Disk""}, {""Worker Number"": 1, ""Sort Method"": ""external merge"", ""Sort Space Used"": 13040, ""Sort Space Type"": ""Disk""}], ""Plans"": [{""Node Type"": ""Hash Join"", ""Parent Relationship"": ""Outer"", ""Parallel Aware"": true, ""Async Capable"": false, ""Join Type"": ""Inner"", ""Startup Cost"": 29298.27, ""Total Cost"": 58275.46, ""Plan Rows"": 6630, ""Plan Width"": 889, ""Actual Startup Time"": 79.065, ""Actual Total Time"": 1600.2, ""Actual Rows"": 7926, ""Actual Loops"": 3, ""Inner Unique"": true, ""Hash Cond"": ""(((row_to_json(posts.*) ->> 'parentid'::text))::integer = p1.id)"", ""Join Filter"": ""(((row_to_json(posts.*) ->> 'score'::text))::integer >= p1.score)"", ""Rows Removed by Join Filter"": 7993, ""Workers"": [], ""Plans"": [{""Node Type"": ""Seq Scan"", ""Parent Relationship"": ""Outer"", ""Parallel Aware"": true, ""Async Capable"": false, ""Relation Name"": ""posts"", ""Alias"": ""posts"", ""Startup Cost"": 0.0, ""Total Cost"": 28915.04, ""Plan Rows"": 19888, ""Plan Width"": 885, ""Actual Startup Time"": 0.076, ""Actual Total Time"": 153.042, ""Actual Rows"": 15918, ""Actual Loops"": 3, ""Filter"": ""(posttypeid = 2)"", ""Rows Removed by Filter"": 14740, ""Workers"": []}, {""Node Type"": ""Hash"", ""Parent Relationship"": ""Inner"", ""Parallel Aware"": true, ""Async Capable"": false, ""Startup Cost"": 28819.23, ""Total Cost"": 28819.23, ""Plan Rows"": 38323, ""Plan Width"": 8, ""Actual Startup Time"": 76.509, ""Actual Total Time"": 76.51, ""Actual Rows"": 30659, ""Actual Loops"": 3, ""Hash Buckets"": 131072, ""Original Hash Buckets"": 131072, ""Hash Batches"": 1, ""Original Hash Batches"": 1, ""Peak Memory Usage"": 4672, ""Workers"": [], ""Plans"": [{""Node Type"": ""Seq Scan"", ""Parent Relationship"": ""Outer"", ""Parallel Aware"": true, ""Async Capable"": false, ""Relation Name"": ""posts"", ""Alias"": ""p1"", ""Startup Cost"": 0.0, ""Total Cost"": 28819.23, ""Plan Rows"": 38323, ""Plan Width"": 8, ""Actual Startup Time"": 0.067, ""Actual Total Time"": 57.782, ""Actual Rows"": 30659, ""Actual Loops"": 3, ""Workers"": []}]}]}]}]}]}, ""Settings"": {}, ""Planning Time"": 0.372, ""Triggers"": [], ""Execution Time"": 2206.878}]]]",2208858366
jsonb_compare_1a.sql,['json'],"WITH answers AS ( SELECT row_to_json(posts) answer FROM posts WHERE posttypeid = 2 ) SELECT p1.id, json_agg(a.answer) FROM posts p1 JOIN answers a ON p1.id = (a.answer->>'parentid')::int WHERE (a.answer->>'score')::int >= p1.score GROUP BY p1.id",2025-02-13 09:17:35.612793,"[[[{""Plan"": {""Node Type"": ""Aggregate"", ""Strategy"": ""Sorted"", ""Partial Mode"": ""Simple"", ""Parallel Aware"": false, ""Async Capable"": false, ""Startup Cost"": 62303.82, ""Total Cost"": 64475.14, ""Plan Rows"": 15911, ""Plan Width"": 36, ""Actual Startup Time"": 2221.83, ""Actual Total Time"": 2852.559, ""Actual Rows"": 19740, ""Actual Loops"": 1, ""Group Key"": [""p1.id""], ""Plans"": [{""Node Type"": ""Gather Merge"", ""Parent Relationship"": ""Outer"", ""Parallel Aware"": false, ""Async Capable"": false, ""Startup Cost"": 62303.82, ""Total Cost"": 64156.92, ""Plan Rows"": 15911, ""Plan Width"": 889, ""Actual Startup Time"": 2221.746, ""Actual Total Time"": 2298.527, ""Actual Rows"": 23777, ""Actual Loops"": 1, ""Workers Planned"": 2, ""Workers Launched"": 2, ""Plans"": [{""Node Type"": ""Sort"", ""Parent Relationship"": ""Outer"", ""Parallel Aware"": false, ""Async Capable"": false, ""Startup Cost"": 61303.79, ""Total Cost"": 61320.37, ""Plan Rows"": 6630, ""Plan Width"": 889, ""Actual Startup Time"": 2206.164, ""Actual Total Time"": 2219.603, ""Actual Rows"": 7926, ""Actual Loops"": 3, ""Sort Key"": [""p1.id""], ""Sort Method"": ""external merge"", ""Sort Space Used"": 15664, ""Sort Space Type"": ""Disk"", ""Workers"": [{""Worker Number"": 0, ""Sort Method"": ""external merge"", ""Sort Space Used"": 11496, ""Sort Space Type"": ""Disk""}, {""Worker Number"": 1, ""Sort Method"": ""external merge"", ""Sort Space Used"": 11848, ""Sort Space Type"": ""Disk""}], ""Plans"": [{""Node Type"": ""Hash Join"", ""Parent Relationship"": ""Outer"", ""Parallel Aware"": true, ""Async Capable"": false, ""Join Type"": ""Inner"", ""Startup Cost"": 29298.27, ""Total Cost"": 58275.46, ""Plan Rows"": 6630, ""Plan Width"": 889, ""Actual Startup Time"": 86.785, ""Actual Total Time"": 2131.396, ""Actual Rows"": 7926, ""Actual Loops"": 3, ""Inner Unique"": true, ""Hash Cond"": ""(((row_to_json(posts.*) ->> 'parentid'::text))::integer = p1.id)"", ""Join Filter"": ""(((row_to_json(posts.*) ->> 'score'::text))::integer >= p1.score)"", ""Rows Removed by Join Filter"": 7993, ""Workers"": [], ""Plans"": [{""Node Type"": ""Seq Scan"", ""Parent Relationship"": ""Outer"", ""Parallel Aware"": true, ""Async Capable"": false, ""Relation Name"": ""posts"", ""Alias"": ""posts"", ""Startup Cost"": 0.0, ""Total Cost"": 28915.04, ""Plan Rows"": 19888, ""Plan Width"": 885, ""Actual Startup Time"": 0.069, ""Actual Total Time"": 228.951, ""Actual Rows"": 15918, ""Actual Loops"": 3, ""Filter"": ""(posttypeid = 2)"", ""Rows Removed by Filter"": 14740, ""Workers"": []}, {""Node Type"": ""Hash"", ""Parent Relationship"": ""Inner"", ""Parallel Aware"": true, ""Async Capable"": false, ""Startup Cost"": 28819.23, ""Total Cost"": 28819.23, ""Plan Rows"": 38323, ""Plan Width"": 8, ""Actual Startup Time"": 85.387, ""Actual Total Time"": 85.388, ""Actual Rows"": 30659, ""Actual Loops"": 3, ""Hash Buckets"": 131072, ""Original Hash Buckets"": 131072, ""Hash Batches"": 1, ""Original Hash Batches"": 1, ""Peak Memory Usage"": 4672, ""Workers"": [], ""Plans"": [{""Node Type"": ""Seq Scan"", ""Parent Relationship"": ""Outer"", ""Parallel Aware"": true, ""Async Capable"": false, ""Relation Name"": ""posts"", ""Alias"": ""p1"", ""Startup Cost"": 0.0, ""Total Cost"": 28819.23, ""Plan Rows"": 38323, ""Plan Width"": 8, ""Actual Startup Time"": 0.117, ""Actual Total Time"": 66.257, ""Actual Rows"": 30659, ""Actual Loops"": 3, ""Workers"": []}]}]}]}]}]}, ""Settings"": {}, ""Planning Time"": 0.337, ""Triggers"": [], ""Execution Time"": 2861.04}]]]",2862627686
jsonb_compare_1a.sql,['json'],"WITH answers AS ( SELECT row_to_json(posts) answer FROM posts WHERE posttypeid = 2 ) SELECT p1.id, json_agg(a.answer) FROM posts p1 JOIN answers a ON p1.id = (a.answer->>'parentid')::int WHERE (a.answer->>'score')::int >= p1.score GROUP BY p1.id",2025-02-13 09:17:38.475635,"[[[{""Plan"": {""Node Type"": ""Aggregate"", ""Strategy"": ""Sorted"", ""Partial Mode"": ""Simple"", ""Parallel Aware"": false, ""Async Capable"": false, ""Startup Cost"": 62303.82, ""Total Cost"": 64475.14, ""Plan Rows"": 15911, ""Plan Width"": 36, ""Actual Startup Time"": 1999.649, ""Actual Total Time"": 2528.644, ""Actual Rows"": 19740, ""Actual Loops"": 1, ""Group Key"": [""p1.id""], ""Plans"": [{""Node Type"": ""Gather Merge"", ""Parent Relationship"": ""Outer"", ""Parallel Aware"": false, ""Async Capable"": false, ""Startup Cost"": 62303.82, ""Total Cost"": 64156.92, ""Plan Rows"": 15911, ""Plan Width"": 889, ""Actual Startup Time"": 1999.572, ""Actual Total Time"": 2045.286, ""Actual Rows"": 23777, ""Actual Loops"": 1, ""Workers Planned"": 2, ""Workers Launched"": 2, ""Plans"": [{""Node Type"": ""Sort"", ""Parent Relationship"": ""Outer"", ""Parallel Aware"": false, ""Async Capable"": false, ""Startup Cost"": 61303.79, ""Total Cost"": 61320.37, ""Plan Rows"": 6630, ""Plan Width"": 889, ""Actual Startup Time"": 1985.571, ""Actual Total Time"": 1997.019, ""Actual Rows"": 7926, ""Actual Loops"": 3, ""Sort Key"": [""p1.id""], ""Sort Method"": ""external merge"", ""Sort Space Used"": 12472, ""Sort Space Type"": ""Disk"", ""Workers"": [{""Worker Number"": 0, ""Sort Method"": ""external merge"", ""Sort Space Used"": 14152, ""Sort Space Type"": ""Disk""}, {""Worker Number"": 1, ""Sort Method"": ""external merge"", ""Sort Space Used"": 12368, ""Sort Space Type"": ""Disk""}], ""Plans"": [{""Node Type"": ""Hash Join"", ""Parent Relationship"": ""Outer"", ""Parallel Aware"": true, ""Async Capable"": false, ""Join Type"": ""Inner"", ""Startup Cost"": 29298.27, ""Total Cost"": 58275.46, ""Plan Rows"": 6630, ""Plan Width"": 889, ""Actual Startup Time"": 107.221, ""Actual Total Time"": 1918.424, ""Actual Rows"": 7926, ""Actual Loops"": 3, ""Inner Unique"": true, ""Hash Cond"": ""(((row_to_json(posts.*) ->> 'parentid'::text))::integer = p1.id)"", ""Join Filter"": ""(((row_to_json(posts.*) ->> 'score'::text))::integer >= p1.score)"", ""Rows Removed by Join Filter"": 7993, ""Workers"": [], ""Plans"": [{""Node Type"": ""Seq Scan"", ""Parent Relationship"": ""Outer"", ""Parallel Aware"": true, ""Async Capable"": false, ""Relation Name"": ""posts"", ""Alias"": ""posts"", ""Startup Cost"": 0.0, ""Total Cost"": 28915.04, ""Plan Rows"": 19888, ""Plan Width"": 885, ""Actual Startup Time"": 0.072, ""Actual Total Time"": 198.154, ""Actual Rows"": 15918, ""Actual Loops"": 3, ""Filter"": ""(posttypeid = 2)"", ""Rows Removed by Filter"": 14740, ""Workers"": []}, {""Node Type"": ""Hash"", ""Parent Relationship"": ""Inner"", ""Parallel Aware"": true, ""Async Capable"": false, ""Startup Cost"": 28819.23, ""Total Cost"": 28819.23, ""Plan Rows"": 38323, ""Plan Width"": 8, ""Actual Startup Time"": 102.317, ""Actual Total Time"": 102.319, ""Actual Rows"": 30659, ""Actual Loops"": 3, ""Hash Buckets"": 131072, ""Original Hash Buckets"": 131072, ""Hash Batches"": 1, ""Original Hash Batches"": 1, ""Peak Memory Usage"": 4672, ""Workers"": [], ""Plans"": [{""Node Type"": ""Seq Scan"", ""Parent Relationship"": ""Outer"", ""Parallel Aware"": true, ""Async Capable"": false, ""Relation Name"": ""posts"", ""Alias"": ""p1"", ""Startup Cost"": 0.0, ""Total Cost"": 28819.23, ""Plan Rows"": 38323, ""Plan Width"": 8, ""Actual Startup Time"": 0.067, ""Actual Total Time"": 76.148, ""Actual Rows"": 30659, ""Actual Loops"": 3, ""Workers"": []}]}]}]}]}]}, ""Settings"": {}, ""Planning Time"": 0.385, ""Triggers"": [], ""Execution Time"": 2535.161}]]]",2536970449
jsonb_compare_1a.sql,['json'],"WITH answers AS ( SELECT row_to_json(posts) answer FROM posts WHERE posttypeid = 2 ) SELECT p1.id, json_agg(a.answer) FROM posts p1 JOIN answers a ON p1.id = (a.answer->>'parentid')::int WHERE (a.answer->>'score')::int >= p1.score GROUP BY p1.id",2025-02-13 09:17:41.012766,"[[[{""Plan"": {""Node Type"": ""Aggregate"", ""Strategy"": ""Sorted"", ""Partial Mode"": ""Simple"", ""Parallel Aware"": false, ""Async Capable"": false, ""Startup Cost"": 62303.82, ""Total Cost"": 64475.14, ""Plan Rows"": 15911, ""Plan Width"": 36, ""Actual Startup Time"": 1697.892, ""Actual Total Time"": 2231.798, ""Actual Rows"": 19740, ""Actual Loops"": 1, ""Group Key"": [""p1.id""], ""Plans"": [{""Node Type"": ""Gather Merge"", ""Parent Relationship"": ""Outer"", ""Parallel Aware"": false, ""Async Capable"": false, ""Startup Cost"": 62303.82, ""Total Cost"": 64156.92, ""Plan Rows"": 15911, ""Plan Width"": 889, ""Actual Startup Time"": 1697.812, ""Actual Total Time"": 1744.313, ""Actual Rows"": 23777, ""Actual Loops"": 1, ""Workers Planned"": 2, ""Workers Launched"": 2, ""Plans"": [{""Node Type"": ""Sort"", ""Parent Relationship"": ""Outer"", ""Parallel Aware"": false, ""Async Capable"": false, ""Startup Cost"": 61303.79, ""Total Cost"": 61320.37, ""Plan Rows"": 6630, ""Plan Width"": 889, ""Actual Startup Time"": 1689.549, ""Actual Total Time"": 1700.885, ""Actual Rows"": 7926, ""Actual Loops"": 3, ""Sort Key"": [""p1.id""], ""Sort Method"": ""external merge"", ""Sort Space Used"": 13120, ""Sort Space Type"": ""Disk"", ""Workers"": [{""Worker Number"": 0, ""Sort Method"": ""external merge"", ""Sort Space Used"": 13416, ""Sort Space Type"": ""Disk""}, {""Worker Number"": 1, ""Sort Method"": ""external merge"", ""Sort Space Used"": 12456, ""Sort Space Type"": ""Disk""}], ""Plans"": [{""Node Type"": ""Hash Join"", ""Parent Relationship"": ""Outer"", ""Parallel Aware"": true, ""Async Capable"": false, ""Join Type"": ""Inner"", ""Startup Cost"": 29298.27, ""Total Cost"": 58275.46, ""Plan Rows"": 6630, ""Plan Width"": 889, ""Actual Startup Time"": 78.2, ""Actual Total Time"": 1631.262, ""Actual Rows"": 7926, ""Actual Loops"": 3, ""Inner Unique"": true, ""Hash Cond"": ""(((row_to_json(posts.*) ->> 'parentid'::text))::integer = p1.id)"", ""Join Filter"": ""(((row_to_json(posts.*) ->> 'score'::text))::integer >= p1.score)"", ""Rows Removed by Join Filter"": 7993, ""Workers"": [], ""Plans"": [{""Node Type"": ""Seq Scan"", ""Parent Relationship"": ""Outer"", ""Parallel Aware"": true, ""Async Capable"": false, ""Relation Name"": ""posts"", ""Alias"": ""posts"", ""Startup Cost"": 0.0, ""Total Cost"": 28915.04, ""Plan Rows"": 19888, ""Plan Width"": 885, ""Actual Startup Time"": 0.107, ""Actual Total Time"": 157.834, ""Actual Rows"": 15918, ""Actual Loops"": 3, ""Filter"": ""(posttypeid = 2)"", ""Rows Removed by Filter"": 14740, ""Workers"": []}, {""Node Type"": ""Hash"", ""Parent Relationship"": ""Inner"", ""Parallel Aware"": true, ""Async Capable"": false, ""Startup Cost"": 28819.23, ""Total Cost"": 28819.23, ""Plan Rows"": 38323, ""Plan Width"": 8, ""Actual Startup Time"": 76.496, ""Actual Total Time"": 76.498, ""Actual Rows"": 30659, ""Actual Loops"": 3, ""Hash Buckets"": 131072, ""Original Hash Buckets"": 131072, ""Hash Batches"": 1, ""Original Hash Batches"": 1, ""Peak Memory Usage"": 4672, ""Workers"": [], ""Plans"": [{""Node Type"": ""Seq Scan"", ""Parent Relationship"": ""Outer"", ""Parallel Aware"": true, ""Async Capable"": false, ""Relation Name"": ""posts"", ""Alias"": ""p1"", ""Startup Cost"": 0.0, ""Total Cost"": 28819.23, ""Plan Rows"": 38323, ""Plan Width"": 8, ""Actual Startup Time"": 0.062, ""Actual Total Time"": 56.565, ""Actual Rows"": 30659, ""Actual Loops"": 3, ""Workers"": []}]}]}]}]}]}, ""Settings"": {}, ""Planning Time"": 0.332, ""Triggers"": [], ""Execution Time"": 2238.939}]]]",2240513715
jsonb_compare_1a.sql,['json'],"WITH answers AS ( SELECT row_to_json(posts) answer FROM posts WHERE posttypeid = 2 ) SELECT p1.id, json_agg(a.answer) FROM posts p1 JOIN answers a ON p1.id = (a.answer->>'parentid')::int WHERE (a.answer->>'score')::int >= p1.score GROUP BY p1.id",2025-02-13 09:17:43.253450,"[[[{""Plan"": {""Node Type"": ""Aggregate"", ""Strategy"": ""Sorted"", ""Partial Mode"": ""Simple"", ""Parallel Aware"": false, ""Async Capable"": false, ""Startup Cost"": 62303.82, ""Total Cost"": 64475.14, ""Plan Rows"": 15911, ""Plan Width"": 36, ""Actual Startup Time"": 1694.882, ""Actual Total Time"": 2223.848, ""Actual Rows"": 19740, ""Actual Loops"": 1, ""Group Key"": [""p1.id""], ""Plans"": [{""Node Type"": ""Gather Merge"", ""Parent Relationship"": ""Outer"", ""Parallel Aware"": false, ""Async Capable"": false, ""Startup Cost"": 62303.82, ""Total Cost"": 64156.92, ""Plan Rows"": 15911, ""Plan Width"": 889, ""Actual Startup Time"": 1694.804, ""Actual Total Time"": 1741.931, ""Actual Rows"": 23777, ""Actual Loops"": 1, ""Workers Planned"": 2, ""Workers Launched"": 2, ""Plans"": [{""Node Type"": ""Sort"", ""Parent Relationship"": ""Outer"", ""Parallel Aware"": false, ""Async Capable"": false, ""Startup Cost"": 61303.79, ""Total Cost"": 61320.37, ""Plan Rows"": 6630, ""Plan Width"": 889, ""Actual Startup Time"": 1684.801, ""Actual Total Time"": 1696.227, ""Actual Rows"": 7926, ""Actual Loops"": 3, ""Sort Key"": [""p1.id""], ""Sort Method"": ""external merge"", ""Sort Space Used"": 13200, ""Sort Space Type"": ""Disk"", ""Workers"": [{""Worker Number"": 0, ""Sort Method"": ""external merge"", ""Sort Space Used"": 13192, ""Sort Space Type"": ""Disk""}, {""Worker Number"": 1, ""Sort Method"": ""external merge"", ""Sort Space Used"": 12592, ""Sort Space Type"": ""Disk""}], ""Plans"": [{""Node Type"": ""Hash Join"", ""Parent Relationship"": ""Outer"", ""Parallel Aware"": true, ""Async Capable"": false, ""Join Type"": ""Inner"", ""Startup Cost"": 29298.27, ""Total Cost"": 58275.46, ""Plan Rows"": 6630, ""Plan Width"": 889, ""Actual Startup Time"": 75.807, ""Actual Total Time"": 1624.745, ""Actual Rows"": 7926, ""Actual Loops"": 3, ""Inner Unique"": true, ""Hash Cond"": ""(((row_to_json(posts.*) ->> 'parentid'::text))::integer = p1.id)"", ""Join Filter"": ""(((row_to_json(posts.*) ->> 'score'::text))::integer >= p1.score)"", ""Rows Removed by Join Filter"": 7993, ""Workers"": [], ""Plans"": [{""Node Type"": ""Seq Scan"", ""Parent Relationship"": ""Outer"", ""Parallel Aware"": true, ""Async Capable"": false, ""Relation Name"": ""posts"", ""Alias"": ""posts"", ""Startup Cost"": 0.0, ""Total Cost"": 28915.04, ""Plan Rows"": 19888, ""Plan Width"": 885, ""Actual Startup Time"": 0.069, ""Actual Total Time"": 157.175, ""Actual Rows"": 15918, ""Actual Loops"": 3, ""Filter"": ""(posttypeid = 2)"", ""Rows Removed by Filter"": 14740, ""Workers"": []}, {""Node Type"": ""Hash"", ""Parent Relationship"": ""Inner"", ""Parallel Aware"": true, ""Async Capable"": false, ""Startup Cost"": 28819.23, ""Total Cost"": 28819.23, ""Plan Rows"": 38323, ""Plan Width"": 8, ""Actual Startup Time"": 74.229, ""Actual Total Time"": 74.231, ""Actual Rows"": 30659, ""Actual Loops"": 3, ""Hash Buckets"": 131072, ""Original Hash Buckets"": 131072, ""Hash Batches"": 1, ""Original Hash Batches"": 1, ""Peak Memory Usage"": 4672, ""Workers"": [], ""Plans"": [{""Node Type"": ""Seq Scan"", ""Parent Relationship"": ""Outer"", ""Parallel Aware"": true, ""Async Capable"": false, ""Relation Name"": ""posts"", ""Alias"": ""p1"", ""Startup Cost"": 0.0, ""Total Cost"": 28819.23, ""Plan Rows"": 38323, ""Plan Width"": 8, ""Actual Startup Time"": 0.103, ""Actual Total Time"": 56.542, ""Actual Rows"": 30659, ""Actual Loops"": 3, ""Workers"": []}]}]}]}]}]}, ""Settings"": {}, ""Planning Time"": 0.359, ""Triggers"": [], ""Execution Time"": 2230.479}]]]",2232360000
jsonb_compare_1b.sql,['json'],"WITH answers AS ( SELECT * FROM posts WHERE posttypeid = 2 ) SELECT p1.id, json_agg(row_to_json(a)) FROM posts p1 JOIN answers a ON p1.id = a.parentid WHERE a.score >= p1.score GROUP BY p1.id",2025-02-13 09:17:48.900388,"[[[{""Plan"": {""Node Type"": ""Aggregate"", ""Strategy"": ""Sorted"", ""Partial Mode"": ""Simple"", ""Parallel Aware"": false, ""Async Capable"": false, ""Startup Cost"": 62227.37, ""Total Cost"": 64398.69, ""Plan Rows"": 15911, ""Plan Width"": 36, ""Actual Startup Time"": 228.252, ""Actual Total Time"": 814.258, ""Actual Rows"": 19740, ""Actual Loops"": 1, ""Group Key"": [""p1.id""], ""Plans"": [{""Node Type"": ""Gather Merge"", ""Parent Relationship"": ""Outer"", ""Parallel Aware"": false, ""Async Capable"": false, ""Startup Cost"": 62227.37, ""Total Cost"": 64080.47, ""Plan Rows"": 15911, ""Plan Width"": 865, ""Actual Startup Time"": 228.168, ""Actual Total Time"": 258.286, ""Actual Rows"": 23777, ""Actual Loops"": 1, ""Workers Planned"": 2, ""Workers Launched"": 2, ""Plans"": [{""Node Type"": ""Sort"", ""Parent Relationship"": ""Outer"", ""Parallel Aware"": false, ""Async Capable"": false, ""Startup Cost"": 61227.35, ""Total Cost"": 61243.93, ""Plan Rows"": 6630, ""Plan Width"": 865, ""Actual Startup Time"": 218.374, ""Actual Total Time"": 224.014, ""Actual Rows"": 7926, ""Actual Loops"": 3, ""Sort Key"": [""p1.id""], ""Sort Method"": ""external merge"", ""Sort Space Used"": 7376, ""Sort Space Type"": ""Disk"", ""Workers"": [{""Worker Number"": 0, ""Sort Method"": ""external merge"", ""Sort Space Used"": 5456, ""Sort Space Type"": ""Disk""}, {""Worker Number"": 1, ""Sort Method"": ""external merge"", ""Sort Space Used"": 4800, ""Sort Space Type"": ""Disk""}], ""Plans"": [{""Node Type"": ""Hash Join"", ""Parent Relationship"": ""Outer"", ""Parallel Aware"": true, ""Async Capable"": false, ""Join Type"": ""Inner"", ""Startup Cost"": 29298.27, ""Total Cost"": 58265.52, ""Plan Rows"": 6630, ""Plan Width"": 865, ""Actual Startup Time"": 85.88, ""Actual Total Time"": 171.775, ""Actual Rows"": 7926, ""Actual Loops"": 3, ""Inner Unique"": true, ""Hash Cond"": ""(posts.parentid = p1.id)"", ""Join Filter"": ""(posts.score >= p1.score)"", ""Rows Removed by Join Filter"": 7993, ""Workers"": [], ""Plans"": [{""Node Type"": ""Seq Scan"", ""Parent Relationship"": ""Outer"", ""Parallel Aware"": true, ""Async Capable"": false, ""Relation Name"": ""posts"", ""Alias"": ""posts"", ""Startup Cost"": 0.0, ""Total Cost"": 28915.04, ""Plan Rows"": 19888, ""Plan Width"": 861, ""Actual Startup Time"": 0.042, ""Actual Total Time"": 65.9, ""Actual Rows"": 15918, ""Actual Loops"": 3, ""Filter"": ""(posttypeid = 2)"", ""Rows Removed by Filter"": 14740, ""Workers"": []}, {""Node Type"": ""Hash"", ""Parent Relationship"": ""Inner"", ""Parallel Aware"": true, ""Async Capable"": false, ""Startup Cost"": 28819.23, ""Total Cost"": 28819.23, ""Plan Rows"": 38323, ""Plan Width"": 8, ""Actual Startup Time"": 83.408, ""Actual Total Time"": 83.409, ""Actual Rows"": 30659, ""Actual Loops"": 3, ""Hash Buckets"": 131072, ""Original Hash Buckets"": 131072, ""Hash Batches"": 1, ""Original Hash Batches"": 1, ""Peak Memory Usage"": 4672, ""Workers"": [], ""Plans"": [{""Node Type"": ""Seq Scan"", ""Parent Relationship"": ""Outer"", ""Parallel Aware"": true, ""Async Capable"": false, ""Relation Name"": ""posts"", ""Alias"": ""p1"", ""Startup Cost"": 0.0, ""Total Cost"": 28819.23, ""Plan Rows"": 38323, ""Plan Width"": 8, ""Actual Startup Time"": 0.068, ""Actual Total Time"": 63.024, ""Actual Rows"": 30659, ""Actual Loops"": 3, ""Workers"": []}]}]}]}]}]}, ""Settings"": {}, ""Planning Time"": 0.556, ""Triggers"": [], ""Execution Time"": 819.458}]]]",826229559
jsonb_compare_1b.sql,['json'],"WITH answers AS ( SELECT * FROM posts WHERE posttypeid = 2 ) SELECT p1.id, json_agg(row_to_json(a)) FROM posts p1 JOIN answers a ON p1.id = a.parentid WHERE a.score >= p1.score GROUP BY p1.id",2025-02-13 09:17:49.726783,"[[[{""Plan"": {""Node Type"": ""Aggregate"", ""Strategy"": ""Sorted"", ""Partial Mode"": ""Simple"", ""Parallel Aware"": false, ""Async Capable"": false, ""Startup Cost"": 62227.37, ""Total Cost"": 64398.69, ""Plan Rows"": 15911, ""Plan Width"": 36, ""Actual Startup Time"": 218.624, ""Actual Total Time"": 817.339, ""Actual Rows"": 19740, ""Actual Loops"": 1, ""Group Key"": [""p1.id""], ""Plans"": [{""Node Type"": ""Gather Merge"", ""Parent Relationship"": ""Outer"", ""Parallel Aware"": false, ""Async Capable"": false, ""Startup Cost"": 62227.37, ""Total Cost"": 64080.47, ""Plan Rows"": 15911, ""Plan Width"": 865, ""Actual Startup Time"": 218.513, ""Actual Total Time"": 251.604, ""Actual Rows"": 23777, ""Actual Loops"": 1, ""Workers Planned"": 2, ""Workers Launched"": 2, ""Plans"": [{""Node Type"": ""Sort"", ""Parent Relationship"": ""Outer"", ""Parallel Aware"": false, ""Async Capable"": false, ""Startup Cost"": 61227.35, ""Total Cost"": 61243.93, ""Plan Rows"": 6630, ""Plan Width"": 865, ""Actual Startup Time"": 212.018, ""Actual Total Time"": 217.563, ""Actual Rows"": 7926, ""Actual Loops"": 3, ""Sort Key"": [""p1.id""], ""Sort Method"": ""external merge"", ""Sort Space Used"": 6688, ""Sort Space Type"": ""Disk"", ""Workers"": [{""Worker Number"": 0, ""Sort Method"": ""external merge"", ""Sort Space Used"": 5424, ""Sort Space Type"": ""Disk""}, {""Worker Number"": 1, ""Sort Method"": ""external merge"", ""Sort Space Used"": 5528, ""Sort Space Type"": ""Disk""}], ""Plans"": [{""Node Type"": ""Hash Join"", ""Parent Relationship"": ""Outer"", ""Parallel Aware"": true, ""Async Capable"": false, ""Join Type"": ""Inner"", ""Startup Cost"": 29298.27, ""Total Cost"": 58265.52, ""Plan Rows"": 6630, ""Plan Width"": 865, ""Actual Startup Time"": 78.914, ""Actual Total Time"": 165.624, ""Actual Rows"": 7926, ""Actual Loops"": 3, ""Inner Unique"": true, ""Hash Cond"": ""(posts.parentid = p1.id)"", ""Join Filter"": ""(posts.score >= p1.score)"", ""Rows Removed by Join Filter"": 7993, ""Workers"": [], ""Plans"": [{""Node Type"": ""Seq Scan"", ""Parent Relationship"": ""Outer"", ""Parallel Aware"": true, ""Async Capable"": false, ""Relation Name"": ""posts"", ""Alias"": ""posts"", ""Startup Cost"": 0.0, ""Total Cost"": 28915.04, ""Plan Rows"": 19888, ""Plan Width"": 861, ""Actual Startup Time"": 0.036, ""Actual Total Time"": 67.479, ""Actual Rows"": 15918, ""Actual Loops"": 3, ""Filter"": ""(posttypeid = 2)"", ""Rows Removed by Filter"": 14740, ""Workers"": []}, {""Node Type"": ""Hash"", ""Parent Relationship"": ""Inner"", ""Parallel Aware"": true, ""Async Capable"": false, ""Startup Cost"": 28819.23, ""Total Cost"": 28819.23, ""Plan Rows"": 38323, ""Plan Width"": 8, ""Actual Startup Time"": 77.304, ""Actual Total Time"": 77.306, ""Actual Rows"": 30659, ""Actual Loops"": 3, ""Hash Buckets"": 131072, ""Original Hash Buckets"": 131072, ""Hash Batches"": 1, ""Original Hash Batches"": 1, ""Peak Memory Usage"": 4672, ""Workers"": [], ""Plans"": [{""Node Type"": ""Seq Scan"", ""Parent Relationship"": ""Outer"", ""Parallel Aware"": true, ""Async Capable"": false, ""Relation Name"": ""posts"", ""Alias"": ""p1"", ""Startup Cost"": 0.0, ""Total Cost"": 28819.23, ""Plan Rows"": 38323, ""Plan Width"": 8, ""Actual Startup Time"": 0.053, ""Actual Total Time"": 58.16, ""Actual Rows"": 30659, ""Actual Loops"": 3, ""Workers"": []}]}]}]}]}]}, ""Settings"": {}, ""Planning Time"": 0.527, ""Triggers"": [], ""Execution Time"": 822.645}]]]",824598818
jsonb_compare_1b.sql,['json'],"WITH answers AS ( SELECT * FROM posts WHERE posttypeid = 2 ) SELECT p1.id, json_agg(row_to_json(a)) FROM posts p1 JOIN answers a ON p1.id = a.parentid WHERE a.score >= p1.score GROUP BY p1.id",2025-02-13 09:17:50.551563,"[[[{""Plan"": {""Node Type"": ""Aggregate"", ""Strategy"": ""Sorted"", ""Partial Mode"": ""Simple"", ""Parallel Aware"": false, ""Async Capable"": false, ""Startup Cost"": 62227.37, ""Total Cost"": 64398.69, ""Plan Rows"": 15911, ""Plan Width"": 36, ""Actual Startup Time"": 209.301, ""Actual Total Time"": 811.831, ""Actual Rows"": 19740, ""Actual Loops"": 1, ""Group Key"": [""p1.id""], ""Plans"": [{""Node Type"": ""Gather Merge"", ""Parent Relationship"": ""Outer"", ""Parallel Aware"": false, ""Async Capable"": false, ""Startup Cost"": 62227.37, ""Total Cost"": 64080.47, ""Plan Rows"": 15911, ""Plan Width"": 865, ""Actual Startup Time"": 209.215, ""Actual Total Time"": 244.209, ""Actual Rows"": 23777, ""Actual Loops"": 1, ""Workers Planned"": 2, ""Workers Launched"": 2, ""Plans"": [{""Node Type"": ""Sort"", ""Parent Relationship"": ""Outer"", ""Parallel Aware"": false, ""Async Capable"": false, ""Startup Cost"": 61227.35, ""Total Cost"": 61243.93, ""Plan Rows"": 6630, ""Plan Width"": 865, ""Actual Startup Time"": 202.434, ""Actual Total Time"": 207.754, ""Actual Rows"": 7926, ""Actual Loops"": 3, ""Sort Key"": [""p1.id""], ""Sort Method"": ""external merge"", ""Sort Space Used"": 5720, ""Sort Space Type"": ""Disk"", ""Workers"": [{""Worker Number"": 0, ""Sort Method"": ""external merge"", ""Sort Space Used"": 5928, ""Sort Space Type"": ""Disk""}, {""Worker Number"": 1, ""Sort Method"": ""external merge"", ""Sort Space Used"": 5992, ""Sort Space Type"": ""Disk""}], ""Plans"": [{""Node Type"": ""Hash Join"", ""Parent Relationship"": ""Outer"", ""Parallel Aware"": true, ""Async Capable"": false, ""Join Type"": ""Inner"", ""Startup Cost"": 29298.27, ""Total Cost"": 58265.52, ""Plan Rows"": 6630, ""Plan Width"": 865, ""Actual Startup Time"": 77.023, ""Actual Total Time"": 156.958, ""Actual Rows"": 7926, ""Actual Loops"": 3, ""Inner Unique"": true, ""Hash Cond"": ""(posts.parentid = p1.id)"", ""Join Filter"": ""(posts.score >= p1.score)"", ""Rows Removed by Join Filter"": 7993, ""Workers"": [], ""Plans"": [{""Node Type"": ""Seq Scan"", ""Parent Relationship"": ""Outer"", ""Parallel Aware"": true, ""Async Capable"": false, ""Relation Name"": ""posts"", ""Alias"": ""posts"", ""Startup Cost"": 0.0, ""Total Cost"": 28915.04, ""Plan Rows"": 19888, ""Plan Width"": 861, ""Actual Startup Time"": 0.027, ""Actual Total Time"": 62.351, ""Actual Rows"": 15918, ""Actual Loops"": 3, ""Filter"": ""(posttypeid = 2)"", ""Rows Removed by Filter"": 14740, ""Workers"": []}, {""Node Type"": ""Hash"", ""Parent Relationship"": ""Inner"", ""Parallel Aware"": true, ""Async Capable"": false, ""Startup Cost"": 28819.23, ""Total Cost"": 28819.23, ""Plan Rows"": 38323, ""Plan Width"": 8, ""Actual Startup Time"": 75.679, ""Actual Total Time"": 75.681, ""Actual Rows"": 30659, ""Actual Loops"": 3, ""Hash Buckets"": 131072, ""Original Hash Buckets"": 131072, ""Hash Batches"": 1, ""Original Hash Batches"": 1, ""Peak Memory Usage"": 4672, ""Workers"": [], ""Plans"": [{""Node Type"": ""Seq Scan"", ""Parent Relationship"": ""Outer"", ""Parallel Aware"": true, ""Async Capable"": false, ""Relation Name"": ""posts"", ""Alias"": ""p1"", ""Startup Cost"": 0.0, ""Total Cost"": 28819.23, ""Plan Rows"": 38323, ""Plan Width"": 8, ""Actual Startup Time"": 0.065, ""Actual Total Time"": 57.509, ""Actual Rows"": 30659, ""Actual Loops"": 3, ""Workers"": []}]}]}]}]}]}, ""Settings"": {}, ""Planning Time"": 0.533, ""Triggers"": [], ""Execution Time"": 816.372}]]]",818272135
jsonb_compare_1b.sql,['json'],"WITH answers AS ( SELECT * FROM posts WHERE posttypeid = 2 ) SELECT p1.id, json_agg(row_to_json(a)) FROM posts p1 JOIN answers a ON p1.id = a.parentid WHERE a.score >= p1.score GROUP BY p1.id",2025-02-13 09:17:51.370002,"[[[{""Plan"": {""Node Type"": ""Aggregate"", ""Strategy"": ""Sorted"", ""Partial Mode"": ""Simple"", ""Parallel Aware"": false, ""Async Capable"": false, ""Startup Cost"": 62227.37, ""Total Cost"": 64398.69, ""Plan Rows"": 15911, ""Plan Width"": 36, ""Actual Startup Time"": 202.587, ""Actual Total Time"": 804.17, ""Actual Rows"": 19740, ""Actual Loops"": 1, ""Group Key"": [""p1.id""], ""Plans"": [{""Node Type"": ""Gather Merge"", ""Parent Relationship"": ""Outer"", ""Parallel Aware"": false, ""Async Capable"": false, ""Startup Cost"": 62227.37, ""Total Cost"": 64080.47, ""Plan Rows"": 15911, ""Plan Width"": 865, ""Actual Startup Time"": 202.503, ""Actual Total Time"": 236.596, ""Actual Rows"": 23777, ""Actual Loops"": 1, ""Workers Planned"": 2, ""Workers Launched"": 2, ""Plans"": [{""Node Type"": ""Sort"", ""Parent Relationship"": ""Outer"", ""Parallel Aware"": false, ""Async Capable"": false, ""Startup Cost"": 61227.35, ""Total Cost"": 61243.93, ""Plan Rows"": 6630, ""Plan Width"": 865, ""Actual Startup Time"": 195.496, ""Actual Total Time"": 201.099, ""Actual Rows"": 7926, ""Actual Loops"": 3, ""Sort Key"": [""p1.id""], ""Sort Method"": ""external merge"", ""Sort Space Used"": 6608, ""Sort Space Type"": ""Disk"", ""Workers"": [{""Worker Number"": 0, ""Sort Method"": ""external merge"", ""Sort Space Used"": 5520, ""Sort Space Type"": ""Disk""}, {""Worker Number"": 1, ""Sort Method"": ""external merge"", ""Sort Space Used"": 5512, ""Sort Space Type"": ""Disk""}], ""Plans"": [{""Node Type"": ""Hash Join"", ""Parent Relationship"": ""Outer"", ""Parallel Aware"": true, ""Async Capable"": false, ""Join Type"": ""Inner"", ""Startup Cost"": 29298.27, ""Total Cost"": 58265.52, ""Plan Rows"": 6630, ""Plan Width"": 865, ""Actual Startup Time"": 75.914, ""Actual Total Time"": 152.635, ""Actual Rows"": 7926, ""Actual Loops"": 3, ""Inner Unique"": true, ""Hash Cond"": ""(posts.parentid = p1.id)"", ""Join Filter"": ""(posts.score >= p1.score)"", ""Rows Removed by Join Filter"": 7993, ""Workers"": [], ""Plans"": [{""Node Type"": ""Seq Scan"", ""Parent Relationship"": ""Outer"", ""Parallel Aware"": true, ""Async Capable"": false, ""Relation Name"": ""posts"", ""Alias"": ""posts"", ""Startup Cost"": 0.0, ""Total Cost"": 28915.04, ""Plan Rows"": 19888, ""Plan Width"": 861, ""Actual Startup Time"": 1.047, ""Actual Total Time"": 60.969, ""Actual Rows"": 15918, ""Actual Loops"": 3, ""Filter"": ""(posttypeid = 2)"", ""Rows Removed by Filter"": 14740, ""Workers"": []}, {""Node Type"": ""Hash"", ""Parent Relationship"": ""Inner"", ""Parallel Aware"": true, ""Async Capable"": false, ""Startup Cost"": 28819.23, ""Total Cost"": 28819.23, ""Plan Rows"": 38323, ""Plan Width"": 8, ""Actual Startup Time"": 73.77, ""Actual Total Time"": 73.772, ""Actual Rows"": 30659, ""Actual Loops"": 3, ""Hash Buckets"": 131072, ""Original Hash Buckets"": 131072, ""Hash Batches"": 1, ""Original Hash Batches"": 1, ""Peak Memory Usage"": 4672, ""Workers"": [], ""Plans"": [{""Node Type"": ""Seq Scan"", ""Parent Relationship"": ""Outer"", ""Parallel Aware"": true, ""Async Capable"": false, ""Relation Name"": ""posts"", ""Alias"": ""p1"", ""Startup Cost"": 0.0, ""Total Cost"": 28819.23, ""Plan Rows"": 38323, ""Plan Width"": 8, ""Actual Startup Time"": 0.062, ""Actual Total Time"": 56.487, ""Actual Rows"": 30659, ""Actual Loops"": 3, ""Workers"": []}]}]}]}]}]}, ""Settings"": {}, ""Planning Time"": 0.559, ""Triggers"": [], ""Execution Time"": 809.153}]]]",811087928
jsonb_compare_1b.sql,['json'],"WITH answers AS ( SELECT * FROM posts WHERE posttypeid = 2 ) SELECT p1.id, json_agg(row_to_json(a)) FROM posts p1 JOIN answers a ON p1.id = a.parentid WHERE a.score >= p1.score GROUP BY p1.id",2025-02-13 09:17:52.181249,"[[[{""Plan"": {""Node Type"": ""Aggregate"", ""Strategy"": ""Sorted"", ""Partial Mode"": ""Simple"", ""Parallel Aware"": false, ""Async Capable"": false, ""Startup Cost"": 62227.37, ""Total Cost"": 64398.69, ""Plan Rows"": 15911, ""Plan Width"": 36, ""Actual Startup Time"": 209.389, ""Actual Total Time"": 806.731, ""Actual Rows"": 19740, ""Actual Loops"": 1, ""Group Key"": [""p1.id""], ""Plans"": [{""Node Type"": ""Gather Merge"", ""Parent Relationship"": ""Outer"", ""Parallel Aware"": false, ""Async Capable"": false, ""Startup Cost"": 62227.37, ""Total Cost"": 64080.47, ""Plan Rows"": 15911, ""Plan Width"": 865, ""Actual Startup Time"": 209.308, ""Actual Total Time"": 240.051, ""Actual Rows"": 23777, ""Actual Loops"": 1, ""Workers Planned"": 2, ""Workers Launched"": 2, ""Plans"": [{""Node Type"": ""Sort"", ""Parent Relationship"": ""Outer"", ""Parallel Aware"": false, ""Async Capable"": false, ""Startup Cost"": 61227.35, ""Total Cost"": 61243.93, ""Plan Rows"": 6630, ""Plan Width"": 865, ""Actual Startup Time"": 202.981, ""Actual Total Time"": 208.634, ""Actual Rows"": 7926, ""Actual Loops"": 3, ""Sort Key"": [""p1.id""], ""Sort Method"": ""external merge"", ""Sort Space Used"": 6720, ""Sort Space Type"": ""Disk"", ""Workers"": [{""Worker Number"": 0, ""Sort Method"": ""external merge"", ""Sort Space Used"": 5760, ""Sort Space Type"": ""Disk""}, {""Worker Number"": 1, ""Sort Method"": ""external merge"", ""Sort Space Used"": 5152, ""Sort Space Type"": ""Disk""}], ""Plans"": [{""Node Type"": ""Hash Join"", ""Parent Relationship"": ""Outer"", ""Parallel Aware"": true, ""Async Capable"": false, ""Join Type"": ""Inner"", ""Startup Cost"": 29298.27, ""Total Cost"": 58265.52, ""Plan Rows"": 6630, ""Plan Width"": 865, ""Actual Startup Time"": 78.944, ""Actual Total Time"": 159.458, ""Actual Rows"": 7926, ""Actual Loops"": 3, ""Inner Unique"": true, ""Hash Cond"": ""(posts.parentid = p1.id)"", ""Join Filter"": ""(posts.score >= p1.score)"", ""Rows Removed by Join Filter"": 7993, ""Workers"": [], ""Plans"": [{""Node Type"": ""Seq Scan"", ""Parent Relationship"": ""Outer"", ""Parallel Aware"": true, ""Async Capable"": false, ""Relation Name"": ""posts"", ""Alias"": ""posts"", ""Startup Cost"": 0.0, ""Total Cost"": 28915.04, ""Plan Rows"": 19888, ""Plan Width"": 861, ""Actual Startup Time"": 0.032, ""Actual Total Time"": 62.925, ""Actual Rows"": 15918, ""Actual Loops"": 3, ""Filter"": ""(posttypeid = 2)"", ""Rows Removed by Filter"": 14740, ""Workers"": []}, {""Node Type"": ""Hash"", ""Parent Relationship"": ""Inner"", ""Parallel Aware"": true, ""Async Capable"": false, ""Startup Cost"": 28819.23, ""Total Cost"": 28819.23, ""Plan Rows"": 38323, ""Plan Width"": 8, ""Actual Startup Time"": 77.863, ""Actual Total Time"": 77.865, ""Actual Rows"": 30659, ""Actual Loops"": 3, ""Hash Buckets"": 131072, ""Original Hash Buckets"": 131072, ""Hash Batches"": 1, ""Original Hash Batches"": 1, ""Peak Memory Usage"": 4704, ""Workers"": [], ""Plans"": [{""Node Type"": ""Seq Scan"", ""Parent Relationship"": ""Outer"", ""Parallel Aware"": true, ""Async Capable"": false, ""Relation Name"": ""posts"", ""Alias"": ""p1"", ""Startup Cost"": 0.0, ""Total Cost"": 28819.23, ""Plan Rows"": 38323, ""Plan Width"": 8, ""Actual Startup Time"": 0.051, ""Actual Total Time"": 58.291, ""Actual Rows"": 30659, ""Actual Loops"": 3, ""Workers"": []}]}]}]}]}]}, ""Settings"": {}, ""Planning Time"": 0.511, ""Triggers"": [], ""Execution Time"": 811.808}]]]",813666153
jsonb_compare_1b.sql,['json'],"WITH answers AS ( SELECT * FROM posts WHERE posttypeid = 2 ) SELECT p1.id, json_agg(row_to_json(a)) FROM posts p1 JOIN answers a ON p1.id = a.parentid WHERE a.score >= p1.score GROUP BY p1.id",2025-02-13 09:17:52.995078,"[[[{""Plan"": {""Node Type"": ""Aggregate"", ""Strategy"": ""Sorted"", ""Partial Mode"": ""Simple"", ""Parallel Aware"": false, ""Async Capable"": false, ""Startup Cost"": 62227.37, ""Total Cost"": 64398.69, ""Plan Rows"": 15911, ""Plan Width"": 36, ""Actual Startup Time"": 206.337, ""Actual Total Time"": 807.295, ""Actual Rows"": 19740, ""Actual Loops"": 1, ""Group Key"": [""p1.id""], ""Plans"": [{""Node Type"": ""Gather Merge"", ""Parent Relationship"": ""Outer"", ""Parallel Aware"": false, ""Async Capable"": false, ""Startup Cost"": 62227.37, ""Total Cost"": 64080.47, ""Plan Rows"": 15911, ""Plan Width"": 865, ""Actual Startup Time"": 206.251, ""Actual Total Time"": 237.033, ""Actual Rows"": 23777, ""Actual Loops"": 1, ""Workers Planned"": 2, ""Workers Launched"": 2, ""Plans"": [{""Node Type"": ""Sort"", ""Parent Relationship"": ""Outer"", ""Parallel Aware"": false, ""Async Capable"": false, ""Startup Cost"": 61227.35, ""Total Cost"": 61243.93, ""Plan Rows"": 6630, ""Plan Width"": 865, ""Actual Startup Time"": 199.846, ""Actual Total Time"": 205.386, ""Actual Rows"": 7926, ""Actual Loops"": 3, ""Sort Key"": [""p1.id""], ""Sort Method"": ""external merge"", ""Sort Space Used"": 6768, ""Sort Space Type"": ""Disk"", ""Workers"": [{""Worker Number"": 0, ""Sort Method"": ""external merge"", ""Sort Space Used"": 5600, ""Sort Space Type"": ""Disk""}, {""Worker Number"": 1, ""Sort Method"": ""external merge"", ""Sort Space Used"": 5264, ""Sort Space Type"": ""Disk""}], ""Plans"": [{""Node Type"": ""Hash Join"", ""Parent Relationship"": ""Outer"", ""Parallel Aware"": true, ""Async Capable"": false, ""Join Type"": ""Inner"", ""Startup Cost"": 29298.27, ""Total Cost"": 58265.52, ""Plan Rows"": 6630, ""Plan Width"": 865, ""Actual Startup Time"": 75.511, ""Actual Total Time"": 156.896, ""Actual Rows"": 7926, ""Actual Loops"": 3, ""Inner Unique"": true, ""Hash Cond"": ""(posts.parentid = p1.id)"", ""Join Filter"": ""(posts.score >= p1.score)"", ""Rows Removed by Join Filter"": 7993, ""Workers"": [], ""Plans"": [{""Node Type"": ""Seq Scan"", ""Parent Relationship"": ""Outer"", ""Parallel Aware"": true, ""Async Capable"": false, ""Relation Name"": ""posts"", ""Alias"": ""posts"", ""Startup Cost"": 0.0, ""Total Cost"": 28915.04, ""Plan Rows"": 19888, ""Plan Width"": 861, ""Actual Startup Time"": 0.027, ""Actual Total Time"": 64.366, ""Actual Rows"": 15918, ""Actual Loops"": 3, ""Filter"": ""(posttypeid = 2)"", ""Rows Removed by Filter"": 14740, ""Workers"": []}, {""Node Type"": ""Hash"", ""Parent Relationship"": ""Inner"", ""Parallel Aware"": true, ""Async Capable"": false, ""Startup Cost"": 28819.23, ""Total Cost"": 28819.23, ""Plan Rows"": 38323, ""Plan Width"": 8, ""Actual Startup Time"": 74.382, ""Actual Total Time"": 74.384, ""Actual Rows"": 30659, ""Actual Loops"": 3, ""Hash Buckets"": 131072, ""Original Hash Buckets"": 131072, ""Hash Batches"": 1, ""Original Hash Batches"": 1, ""Peak Memory Usage"": 4704, ""Workers"": [], ""Plans"": [{""Node Type"": ""Seq Scan"", ""Parent Relationship"": ""Outer"", ""Parallel Aware"": true, ""Async Capable"": false, ""Relation Name"": ""posts"", ""Alias"": ""p1"", ""Startup Cost"": 0.0, ""Total Cost"": 28819.23, ""Plan Rows"": 38323, ""Plan Width"": 8, ""Actual Startup Time"": 0.055, ""Actual Total Time"": 55.876, ""Actual Rows"": 30659, ""Actual Loops"": 3, ""Workers"": []}]}]}]}]}]}, ""Settings"": {}, ""Planning Time"": 0.518, ""Triggers"": [], ""Execution Time"": 812.822}]]]",815342218
jsonb_compare_1b.sql,['json'],"WITH answers AS ( SELECT * FROM posts WHERE posttypeid = 2 ) SELECT p1.id, json_agg(row_to_json(a)) FROM posts p1 JOIN answers a ON p1.id = a.parentid WHERE a.score >= p1.score GROUP BY p1.id",2025-02-13 09:17:53.810613,"[[[{""Plan"": {""Node Type"": ""Aggregate"", ""Strategy"": ""Sorted"", ""Partial Mode"": ""Simple"", ""Parallel Aware"": false, ""Async Capable"": false, ""Startup Cost"": 62227.37, ""Total Cost"": 64398.69, ""Plan Rows"": 15911, ""Plan Width"": 36, ""Actual Startup Time"": 207.527, ""Actual Total Time"": 789.335, ""Actual Rows"": 19740, ""Actual Loops"": 1, ""Group Key"": [""p1.id""], ""Plans"": [{""Node Type"": ""Gather Merge"", ""Parent Relationship"": ""Outer"", ""Parallel Aware"": false, ""Async Capable"": false, ""Startup Cost"": 62227.37, ""Total Cost"": 64080.47, ""Plan Rows"": 15911, ""Plan Width"": 865, ""Actual Startup Time"": 207.435, ""Actual Total Time"": 239.197, ""Actual Rows"": 23777, ""Actual Loops"": 1, ""Workers Planned"": 2, ""Workers Launched"": 2, ""Plans"": [{""Node Type"": ""Sort"", ""Parent Relationship"": ""Outer"", ""Parallel Aware"": false, ""Async Capable"": false, ""Startup Cost"": 61227.35, ""Total Cost"": 61243.93, ""Plan Rows"": 6630, ""Plan Width"": 865, ""Actual Startup Time"": 200.251, ""Actual Total Time"": 205.654, ""Actual Rows"": 7926, ""Actual Loops"": 3, ""Sort Key"": [""p1.id""], ""Sort Method"": ""external merge"", ""Sort Space Used"": 6600, ""Sort Space Type"": ""Disk"", ""Workers"": [{""Worker Number"": 0, ""Sort Method"": ""external merge"", ""Sort Space Used"": 5368, ""Sort Space Type"": ""Disk""}, {""Worker Number"": 1, ""Sort Method"": ""external merge"", ""Sort Space Used"": 5664, ""Sort Space Type"": ""Disk""}], ""Plans"": [{""Node Type"": ""Hash Join"", ""Parent Relationship"": ""Outer"", ""Parallel Aware"": true, ""Async Capable"": false, ""Join Type"": ""Inner"", ""Startup Cost"": 29298.27, ""Total Cost"": 58265.52, ""Plan Rows"": 6630, ""Plan Width"": 865, ""Actual Startup Time"": 76.927, ""Actual Total Time"": 154.534, ""Actual Rows"": 7926, ""Actual Loops"": 3, ""Inner Unique"": true, ""Hash Cond"": ""(posts.parentid = p1.id)"", ""Join Filter"": ""(posts.score >= p1.score)"", ""Rows Removed by Join Filter"": 7993, ""Workers"": [], ""Plans"": [{""Node Type"": ""Seq Scan"", ""Parent Relationship"": ""Outer"", ""Parallel Aware"": true, ""Async Capable"": false, ""Relation Name"": ""posts"", ""Alias"": ""posts"", ""Startup Cost"": 0.0, ""Total Cost"": 28915.04, ""Plan Rows"": 19888, ""Plan Width"": 861, ""Actual Startup Time"": 0.026, ""Actual Total Time"": 61.03, ""Actual Rows"": 15918, ""Actual Loops"": 3, ""Filter"": ""(posttypeid = 2)"", ""Rows Removed by Filter"": 14740, ""Workers"": []}, {""Node Type"": ""Hash"", ""Parent Relationship"": ""Inner"", ""Parallel Aware"": true, ""Async Capable"": false, ""Startup Cost"": 28819.23, ""Total Cost"": 28819.23, ""Plan Rows"": 38323, ""Plan Width"": 8, ""Actual Startup Time"": 75.732, ""Actual Total Time"": 75.734, ""Actual Rows"": 30659, ""Actual Loops"": 3, ""Hash Buckets"": 131072, ""Original Hash Buckets"": 131072, ""Hash Batches"": 1, ""Original Hash Batches"": 1, ""Peak Memory Usage"": 4640, ""Workers"": [], ""Plans"": [{""Node Type"": ""Seq Scan"", ""Parent Relationship"": ""Outer"", ""Parallel Aware"": true, ""Async Capable"": false, ""Relation Name"": ""posts"", ""Alias"": ""p1"", ""Startup Cost"": 0.0, ""Total Cost"": 28819.23, ""Plan Rows"": 38323, ""Plan Width"": 8, ""Actual Startup Time"": 0.065, ""Actual Total Time"": 57.53, ""Actual Rows"": 30659, ""Actual Loops"": 3, ""Workers"": []}]}]}]}]}]}, ""Settings"": {}, ""Planning Time"": 0.57, ""Triggers"": [], ""Execution Time"": 794.505}]]]",796435780
jsonb_compare_1b.sql,['json'],"WITH answers AS ( SELECT * FROM posts WHERE posttypeid = 2 ) SELECT p1.id, json_agg(row_to_json(a)) FROM posts p1 JOIN answers a ON p1.id = a.parentid WHERE a.score >= p1.score GROUP BY p1.id",2025-02-13 09:17:54.607203,"[[[{""Plan"": {""Node Type"": ""Aggregate"", ""Strategy"": ""Sorted"", ""Partial Mode"": ""Simple"", ""Parallel Aware"": false, ""Async Capable"": false, ""Startup Cost"": 62227.37, ""Total Cost"": 64398.69, ""Plan Rows"": 15911, ""Plan Width"": 36, ""Actual Startup Time"": 205.501, ""Actual Total Time"": 782.421, ""Actual Rows"": 19740, ""Actual Loops"": 1, ""Group Key"": [""p1.id""], ""Plans"": [{""Node Type"": ""Gather Merge"", ""Parent Relationship"": ""Outer"", ""Parallel Aware"": false, ""Async Capable"": false, ""Startup Cost"": 62227.37, ""Total Cost"": 64080.47, ""Plan Rows"": 15911, ""Plan Width"": 865, ""Actual Startup Time"": 205.359, ""Actual Total Time"": 236.214, ""Actual Rows"": 23777, ""Actual Loops"": 1, ""Workers Planned"": 2, ""Workers Launched"": 2, ""Plans"": [{""Node Type"": ""Sort"", ""Parent Relationship"": ""Outer"", ""Parallel Aware"": false, ""Async Capable"": false, ""Startup Cost"": 61227.35, ""Total Cost"": 61243.93, ""Plan Rows"": 6630, ""Plan Width"": 865, ""Actual Startup Time"": 196.991, ""Actual Total Time"": 202.494, ""Actual Rows"": 7926, ""Actual Loops"": 3, ""Sort Key"": [""p1.id""], ""Sort Method"": ""external merge"", ""Sort Space Used"": 7120, ""Sort Space Type"": ""Disk"", ""Workers"": [{""Worker Number"": 0, ""Sort Method"": ""external merge"", ""Sort Space Used"": 5656, ""Sort Space Type"": ""Disk""}, {""Worker Number"": 1, ""Sort Method"": ""external merge"", ""Sort Space Used"": 4864, ""Sort Space Type"": ""Disk""}], ""Plans"": [{""Node Type"": ""Hash Join"", ""Parent Relationship"": ""Outer"", ""Parallel Aware"": true, ""Async Capable"": false, ""Join Type"": ""Inner"", ""Startup Cost"": 29298.27, ""Total Cost"": 58265.52, ""Plan Rows"": 6630, ""Plan Width"": 865, ""Actual Startup Time"": 75.357, ""Actual Total Time"": 154.782, ""Actual Rows"": 7926, ""Actual Loops"": 3, ""Inner Unique"": true, ""Hash Cond"": ""(posts.parentid = p1.id)"", ""Join Filter"": ""(posts.score >= p1.score)"", ""Rows Removed by Join Filter"": 7993, ""Workers"": [], ""Plans"": [{""Node Type"": ""Seq Scan"", ""Parent Relationship"": ""Outer"", ""Parallel Aware"": true, ""Async Capable"": false, ""Relation Name"": ""posts"", ""Alias"": ""posts"", ""Startup Cost"": 0.0, ""Total Cost"": 28915.04, ""Plan Rows"": 19888, ""Plan Width"": 861, ""Actual Startup Time"": 0.053, ""Actual Total Time"": 62.191, ""Actual Rows"": 15918, ""Actual Loops"": 3, ""Filter"": ""(posttypeid = 2)"", ""Rows Removed by Filter"": 14740, ""Workers"": []}, {""Node Type"": ""Hash"", ""Parent Relationship"": ""Inner"", ""Parallel Aware"": true, ""Async Capable"": false, ""Startup Cost"": 28819.23, ""Total Cost"": 28819.23, ""Plan Rows"": 38323, ""Plan Width"": 8, ""Actual Startup Time"": 74.277, ""Actual Total Time"": 74.279, ""Actual Rows"": 30659, ""Actual Loops"": 3, ""Hash Buckets"": 131072, ""Original Hash Buckets"": 131072, ""Hash Batches"": 1, ""Original Hash Batches"": 1, ""Peak Memory Usage"": 4672, ""Workers"": [], ""Plans"": [{""Node Type"": ""Seq Scan"", ""Parent Relationship"": ""Outer"", ""Parallel Aware"": true, ""Async Capable"": false, ""Relation Name"": ""posts"", ""Alias"": ""p1"", ""Startup Cost"": 0.0, ""Total Cost"": 28819.23, ""Plan Rows"": 38323, ""Plan Width"": 8, ""Actual Startup Time"": 0.064, ""Actual Total Time"": 55.666, ""Actual Rows"": 30659, ""Actual Loops"": 3, ""Workers"": []}]}]}]}]}]}, ""Settings"": {}, ""Planning Time"": 0.513, ""Triggers"": [], ""Execution Time"": 787.864}]]]",789638069
jsonb_compare_1b.sql,['json'],"WITH answers AS ( SELECT * FROM posts WHERE posttypeid = 2 ) SELECT p1.id, json_agg(row_to_json(a)) FROM posts p1 JOIN answers a ON p1.id = a.parentid WHERE a.score >= p1.score GROUP BY p1.id",2025-02-13 09:17:55.397029,"[[[{""Plan"": {""Node Type"": ""Aggregate"", ""Strategy"": ""Sorted"", ""Partial Mode"": ""Simple"", ""Parallel Aware"": false, ""Async Capable"": false, ""Startup Cost"": 62227.37, ""Total Cost"": 64398.69, ""Plan Rows"": 15911, ""Plan Width"": 36, ""Actual Startup Time"": 204.853, ""Actual Total Time"": 791.354, ""Actual Rows"": 19740, ""Actual Loops"": 1, ""Group Key"": [""p1.id""], ""Plans"": [{""Node Type"": ""Gather Merge"", ""Parent Relationship"": ""Outer"", ""Parallel Aware"": false, ""Async Capable"": false, ""Startup Cost"": 62227.37, ""Total Cost"": 64080.47, ""Plan Rows"": 15911, ""Plan Width"": 865, ""Actual Startup Time"": 204.769, ""Actual Total Time"": 236.034, ""Actual Rows"": 23777, ""Actual Loops"": 1, ""Workers Planned"": 2, ""Workers Launched"": 2, ""Plans"": [{""Node Type"": ""Sort"", ""Parent Relationship"": ""Outer"", ""Parallel Aware"": false, ""Async Capable"": false, ""Startup Cost"": 61227.35, ""Total Cost"": 61243.93, ""Plan Rows"": 6630, ""Plan Width"": 865, ""Actual Startup Time"": 198.904, ""Actual Total Time"": 204.478, ""Actual Rows"": 7926, ""Actual Loops"": 3, ""Sort Key"": [""p1.id""], ""Sort Method"": ""external merge"", ""Sort Space Used"": 6952, ""Sort Space Type"": ""Disk"", ""Workers"": [{""Worker Number"": 0, ""Sort Method"": ""external merge"", ""Sort Space Used"": 5232, ""Sort Space Type"": ""Disk""}, {""Worker Number"": 1, ""Sort Method"": ""external merge"", ""Sort Space Used"": 5456, ""Sort Space Type"": ""Disk""}], ""Plans"": [{""Node Type"": ""Hash Join"", ""Parent Relationship"": ""Outer"", ""Parallel Aware"": true, ""Async Capable"": false, ""Join Type"": ""Inner"", ""Startup Cost"": 29298.27, ""Total Cost"": 58265.52, ""Plan Rows"": 6630, ""Plan Width"": 865, ""Actual Startup Time"": 74.664, ""Actual Total Time"": 155.735, ""Actual Rows"": 7926, ""Actual Loops"": 3, ""Inner Unique"": true, ""Hash Cond"": ""(posts.parentid = p1.id)"", ""Join Filter"": ""(posts.score >= p1.score)"", ""Rows Removed by Join Filter"": 7993, ""Workers"": [], ""Plans"": [{""Node Type"": ""Seq Scan"", ""Parent Relationship"": ""Outer"", ""Parallel Aware"": true, ""Async Capable"": false, ""Relation Name"": ""posts"", ""Alias"": ""posts"", ""Startup Cost"": 0.0, ""Total Cost"": 28915.04, ""Plan Rows"": 19888, ""Plan Width"": 861, ""Actual Startup Time"": 0.026, ""Actual Total Time"": 62.437, ""Actual Rows"": 15918, ""Actual Loops"": 3, ""Filter"": ""(posttypeid = 2)"", ""Rows Removed by Filter"": 14740, ""Workers"": []}, {""Node Type"": ""Hash"", ""Parent Relationship"": ""Inner"", ""Parallel Aware"": true, ""Async Capable"": false, ""Startup Cost"": 28819.23, ""Total Cost"": 28819.23, ""Plan Rows"": 38323, ""Plan Width"": 8, ""Actual Startup Time"": 73.571, ""Actual Total Time"": 73.573, ""Actual Rows"": 30659, ""Actual Loops"": 3, ""Hash Buckets"": 131072, ""Original Hash Buckets"": 131072, ""Hash Batches"": 1, ""Original Hash Batches"": 1, ""Peak Memory Usage"": 4640, ""Workers"": [], ""Plans"": [{""Node Type"": ""Seq Scan"", ""Parent Relationship"": ""Outer"", ""Parallel Aware"": true, ""Async Capable"": false, ""Relation Name"": ""posts"", ""Alias"": ""p1"", ""Startup Cost"": 0.0, ""Total Cost"": 28819.23, ""Plan Rows"": 38323, ""Plan Width"": 8, ""Actual Startup Time"": 0.049, ""Actual Total Time"": 54.81, ""Actual Rows"": 30659, ""Actual Loops"": 3, ""Workers"": []}]}]}]}]}]}, ""Settings"": {}, ""Planning Time"": 0.514, ""Triggers"": [], ""Execution Time"": 796.814}]]]",798564052
jsonb_compare_1b.sql,['json'],"WITH answers AS ( SELECT * FROM posts WHERE posttypeid = 2 ) SELECT p1.id, json_agg(row_to_json(a)) FROM posts p1 JOIN answers a ON p1.id = a.parentid WHERE a.score >= p1.score GROUP BY p1.id",2025-02-13 09:17:56.195759,"[[[{""Plan"": {""Node Type"": ""Aggregate"", ""Strategy"": ""Sorted"", ""Partial Mode"": ""Simple"", ""Parallel Aware"": false, ""Async Capable"": false, ""Startup Cost"": 62227.37, ""Total Cost"": 64398.69, ""Plan Rows"": 15911, ""Plan Width"": 36, ""Actual Startup Time"": 198.862, ""Actual Total Time"": 783.016, ""Actual Rows"": 19740, ""Actual Loops"": 1, ""Group Key"": [""p1.id""], ""Plans"": [{""Node Type"": ""Gather Merge"", ""Parent Relationship"": ""Outer"", ""Parallel Aware"": false, ""Async Capable"": false, ""Startup Cost"": 62227.37, ""Total Cost"": 64080.47, ""Plan Rows"": 15911, ""Plan Width"": 865, ""Actual Startup Time"": 198.777, ""Actual Total Time"": 230.856, ""Actual Rows"": 23777, ""Actual Loops"": 1, ""Workers Planned"": 2, ""Workers Launched"": 2, ""Plans"": [{""Node Type"": ""Sort"", ""Parent Relationship"": ""Outer"", ""Parallel Aware"": false, ""Async Capable"": false, ""Startup Cost"": 61227.35, ""Total Cost"": 61243.93, ""Plan Rows"": 6630, ""Plan Width"": 865, ""Actual Startup Time"": 192.023, ""Actual Total Time"": 197.543, ""Actual Rows"": 7926, ""Actual Loops"": 3, ""Sort Key"": [""p1.id""], ""Sort Method"": ""external merge"", ""Sort Space Used"": 6368, ""Sort Space Type"": ""Disk"", ""Workers"": [{""Worker Number"": 0, ""Sort Method"": ""external merge"", ""Sort Space Used"": 5744, ""Sort Space Type"": ""Disk""}, {""Worker Number"": 1, ""Sort Method"": ""external merge"", ""Sort Space Used"": 5536, ""Sort Space Type"": ""Disk""}], ""Plans"": [{""Node Type"": ""Hash Join"", ""Parent Relationship"": ""Outer"", ""Parallel Aware"": true, ""Async Capable"": false, ""Join Type"": ""Inner"", ""Startup Cost"": 29298.27, ""Total Cost"": 58265.52, ""Plan Rows"": 6630, ""Plan Width"": 865, ""Actual Startup Time"": 69.832, ""Actual Total Time"": 146.184, ""Actual Rows"": 7926, ""Actual Loops"": 3, ""Inner Unique"": true, ""Hash Cond"": ""(posts.parentid = p1.id)"", ""Join Filter"": ""(posts.score >= p1.score)"", ""Rows Removed by Join Filter"": 7993, ""Workers"": [], ""Plans"": [{""Node Type"": ""Seq Scan"", ""Parent Relationship"": ""Outer"", ""Parallel Aware"": true, ""Async Capable"": false, ""Relation Name"": ""posts"", ""Alias"": ""posts"", ""Startup Cost"": 0.0, ""Total Cost"": 28915.04, ""Plan Rows"": 19888, ""Plan Width"": 861, ""Actual Startup Time"": 0.029, ""Actual Total Time"": 59.166, ""Actual Rows"": 15918, ""Actual Loops"": 3, ""Filter"": ""(posttypeid = 2)"", ""Rows Removed by Filter"": 14740, ""Workers"": []}, {""Node Type"": ""Hash"", ""Parent Relationship"": ""Inner"", ""Parallel Aware"": true, ""Async Capable"": false, ""Startup Cost"": 28819.23, ""Total Cost"": 28819.23, ""Plan Rows"": 38323, ""Plan Width"": 8, ""Actual Startup Time"": 68.696, ""Actual Total Time"": 68.698, ""Actual Rows"": 30659, ""Actual Loops"": 3, ""Hash Buckets"": 131072, ""Original Hash Buckets"": 131072, ""Hash Batches"": 1, ""Original Hash Batches"": 1, ""Peak Memory Usage"": 4672, ""Workers"": [], ""Plans"": [{""Node Type"": ""Seq Scan"", ""Parent Relationship"": ""Outer"", ""Parallel Aware"": true, ""Async Capable"": false, ""Relation Name"": ""posts"", ""Alias"": ""p1"", ""Startup Cost"": 0.0, ""Total Cost"": 28819.23, ""Plan Rows"": 38323, ""Plan Width"": 8, ""Actual Startup Time"": 0.051, ""Actual Total Time"": 51.465, ""Actual Rows"": 30659, ""Actual Loops"": 3, ""Workers"": []}]}]}]}]}]}, ""Settings"": {}, ""Planning Time"": 0.58, ""Triggers"": [], ""Execution Time"": 788.094}]]]",789854490
